Date,Punjab,Haryana,Rajasthan,Delhi,UP,Uttarakhand,HP,J&K,Chandigarh,Chhattisgarh,Gujarat,MP,Maharashtra,Goa,DNH,Andhra Pradesh,Telangana,Karnataka,Kerala,Tamil Nadu,Pondy,Bihar,Jharkhand,Odisha,West Bengal,Sikkim,Arunachal Pradesh,Assam,Manipur,Meghalaya,Mizoram,Nagaland,Tripura,ALL INDIA TOTAL
28/10/2019,95.3,105.7,205.6,59.2,232.8,33.2,24.6,42.6,3.3,85.1,338,202.7,490.5,10.4,18.7,201.2,241.2,255.6,83,337.6,8,71.7,23.7,79.4,129,1.4,2.1,23.4,2.3,5.4,1.6,2.1,3.9,3494.4
29/10/2019,96.5,111.5,213.6,60.2,240.9,33.8,24.1,43.1,3.2,89.8,349.9,205.4,499.3,11.1,18.9,205.1,247.4,256.9,84.5,346.2,8.3,72,24.5,79.6,142,1.4,2,23.9,2.6,5.4,1.7,2.2,3.8,3586.4
30/10/2019,102.4,115.1,215.2,60.7,249.9,34,24.7,46,3.2,89.1,355.9,203.4,479.6,10.9,19,204.3,256.2,256,84.7,347.2,8.3,73.4,24.4,80.3,142.2,1.4,2.2,23.7,2.9,5.4,1.8,2.2,3.8,3604.8
31/10/2019,103.9,116.2,216.8,60.6,256.7,33.7,24.7,44.8,3.1,83.7,364.5,200.5,479,10.6,19.1,201.3,247.4,258.6,85.3,345.6,8.3,74.1,23.9,69.3,141.3,1.4,2.2,24.2,2.9,5.2,1.8,2.1,3.8,3593.5
01/11/2019,105.6,117.4,210.3,63.4,263,34.4,21.5,47.3,3.1,83.6,362.3,195.1,478.2,10.5,18.9,198.5,236.7,251.1,84.5,348.3,8.5,75.2,22.9,64.8,140.2,1.3,2.3,24.2,2.9,5.8,1.8,2.1,3.9,3565.2
02/11/2019,105.7,115.1,202.4,59.1,255.7,33.4,21.1,47.7,2.8,84.4,357.9,191.5,468.2,9.9,18.9,192.9,236.8,244.8,81.7,339.8,8.3,68.6,23.3,71.6,135.2,1.4,2.2,24,2.7,5.8,1.8,2.2,3.8,3495.1
03/11/2019,86.3,93,178.7,46.1,240.8,22.5,13,45.6,2.4,81.6,282.4,182.1,395.6,7.4,13.5,176.7,219.7,226.4,69.9,276.5,6.1,68.2,21.5,66.5,100.4,1,2.1,19,2.4,5.6,1.6,2.2,3.1,3025.3
04/11/2019,96.1,120.7,226.5,74.9,296.5,39.3,28.4,33.6,4.6,77,324.1,245.5,445.4,9.4,18.9,170.4,211,222.7,69.3,294.7,7.1,83.8,24.6,66.2,110.9,2.1,2.2,23.1,2.7,5.9,1.6,2.2,3.5,3421.3
05/11/2019,105.4,123.2,226.8,74.9,289.5,38.9,28.7,38.1,4.7,78.4,257.6,247.7,452.7,10.5,18.1,166.7,211.4,230.7,70.4,287,7.1,82.5,24.8,68.2,113.8,1.9,2.3,22.3,2.6,6,1.6,2.1,3.7,3376.2
06/11/2019,111.4,127.7,233.3,75.4,284,39.1,30.7,43.8,4.6,77.8,273.3,236.9,441.2,10.1,17.9,156,201.5,220.5,70.2,238.5,5.7,80.7,24.9,67.8,111.2,1.9,2.2,20.5,2.7,5.9,1.3,2.1,3.8,3301.1
07/11/2019,112,125.3,225.9,76.4,253.9,39.8,31.1,42.2,4.7,78.8,309.7,214.5,438.8,10,18.2,153.7,200.8,227.3,70.1,227.2,5.2,77.1,25.4,65.6,113.8,1.9,2.3,20.9,3.2,6.1,1.6,2.2,3.7,3265.2
08/11/2019,111.6,125.3,228.1,77.3,260.9,39.1,31.1,49.6,4.6,79.3,322.9,225,431.4,9.5,18,167.5,209.8,233,71.4,246.6,5.4,74.2,25.2,67.9,115,2,2.2,22,2.8,6,1.6,2.3,3.6,3348.5
09/11/2019,110.4,126.1,230.2,73.3,279.8,39.6,31.3,49.9,4.3,72.5,322.1,230.2,431.8,9.3,18.1,169.5,209.8,228.3,72.3,262.1,6.1,73,24.3,68.4,116,1.2,2.2,22.6,2.6,6.1,1.6,2.3,3.5,3377.5
10/11/2019,104.6,115.6,228.2,71.7,271.3,36.7,28.7,50,3.9,78.7,313.5,229.3,426.8,8.7,18.1,170.2,208.6,192.3,67.8,246.7,6,75,24,68.4,107.4,1.6,2.2,22.7,2.6,6.1,1.6,2.2,3.4,3270.5
11/11/2019,78.2,79.7,159.5,52.4,271,20.1,12.1,40.7,2.4,78.2,249.5,177.2,392.2,7.1,2.2,154.9,167.8,198.4,67.9,228.2,4.5,82.8,22.7,72.8,130.3,0.9,1.5,19.2,2.1,3.9,1.5,2.3,3.1,2818.9
12/11/2019,82,83.4,162.7,56.4,282.3,21.3,13.1,40.4,2.6,78.3,260.7,179.9,391.7,7.7,2.4,158.7,164.6,206.6,70.8,239.1,4.7,88.8,24.8,74.8,143.3,1.2,1.6,21.7,2,4.2,1.6,2.3,4,2913
13/11/2019,88.1,88.5,168.6,60.8,290,21.1,12.8,43.2,2.7,78.9,263.5,180.8,392.2,7.7,2.4,160.9,167.4,208.4,70.8,243.8,4.8,91.6,23.5,78.5,151.4,1.2,1.7,21.3,2.4,4.2,1.7,2.2,4.3,2976.5
14/11/2019,84.5,91.5,170.4,62.8,289,22.1,13.3,40.7,2.9,77.5,261.7,180.7,395,7.9,2.4,163,159.7,217,70.6,248.2,4.9,70.3,21.8,77.8,137.6,1.3,1.2,16.4,1.9,3.6,1.3,1.7,3.4,2938.6
15/11/2019,85.4,91.8,169.7,63,293.3,22.5,14,42.9,3,78.3,264.5,182.2,402.2,8.2,2.5,165,157.8,219.8,69.5,252.5,5.1,82.7,23.5,76.2,127.2,1.2,1.3,15.9,1.8,3.7,1.6,1.9,3.2,2968.3
16/11/2019,83.3,89.2,169.2,65.2,290,22.9,14.1,39.7,2.9,83.4,269,188.7,401.9,8.1,2.6,166.6,157.7,219,71,254.9,5.2,82.9,24.6,77.9,130.9,1.2,1.4,15.2,1.9,3.6,1.6,2,3.2,2985.2
17/11/2019,67.8,83.5,170.4,62.1,280.4,21.6,11.8,42.4,2.6,79.5,263.7,182.1,400.2,8.1,2.7,171,152.7,204.4,72.1,259,5.5,81,24.4,69.4,125.8,1.1,1.4,14.9,2,3.8,1.3,2,2.4,2907.8
18/11/2019,99,107.9,212.4,63.2,269,32.9,27.3,36.2,3.3,72.1,308.7,209.1,402.5,12.2,17.7,173.2,160.5,168.5,67.9,286.3,6.5,74.8,23.9,73.3,109,1.2,2.1,23.6,2.3,5.9,1.8,2.2,4.3,3135.4
19/11/2019,98,114.1,214.4,59.9,267.4,33,26.8,38.1,3.2,71.7,314.2,214.7,408.4,12.5,18.1,176,174.7,173.2,69.7,293.5,7.6,71.3,23.6,78.4,115.2,1.3,2,23.8,2.4,5.9,1.7,2.1,3.6,3196.3
20/11/2019,102.6,113.3,215.3,62,268.7,33.7,27.9,39.3,3.5,70.8,314.5,218.5,414.3,12.4,18.1,173.3,176.6,177.3,70.8,295.1,7.6,69.1,23.9,70.4,115.8,1.5,2.2,23.7,2.4,6,1.8,2.1,4,3213.7
21/11/2019,104,114,196.9,63.2,276.1,34,28.5,39.2,3.4,71.2,309.8,221.1,409.9,12.4,18,171.9,183.5,175.6,71.4,297.1,7.6,69.7,24.7,65,112.3,1.4,2.1,23.5,2.4,5.7,1.7,2.2,4.1,3197.9
22/11/2019,101.8,114.4,194.3,60.6,277.4,34.3,27.8,38.8,3.5,71.2,307,222.6,410.3,12.4,18,165.5,194,172.8,72.6,288.3,7.4,72.7,24.7,65.2,117.8,1.3,2,24.7,2.4,5.6,1.7,2.1,4,3193.1
23/11/2019,101.3,110.5,200.5,60.4,272.1,33.3,27.6,41.8,3.3,70.8,313.7,224.7,416.2,12.9,18.2,168.3,192.5,172,72.1,273.6,7.4,71.2,23.8,66.7,115.7,1.4,2.1,24.1,2.5,5.8,1.9,2.2,3.8,3186.8
24/11/2019,93,101.8,203.7,58.5,257.1,30.9,25.3,42,3,70.8,299.7,227,406.7,12,17.7,168.3,189.2,164.1,65.4,260.2,6.7,69.4,23.9,64.2,106.1,1.1,2,22.4,2.5,5.7,1.7,2.1,3.5,3081.9
25/11/2019,110.1,101.3,205.2,69.4,251.6,21.4,16.5,36.1,3,69.2,299.7,180.1,407.7,9.5,7.5,175.6,139.9,192.6,68.6,289.3,7.1,87.5,20.5,74.9,131.3,1.1,1.8,26.5,2.3,4.7,1.7,2.2,4.7,3071.4
26/11/2019,116.2,110.5,204.7,67.7,217,23.5,20.1,40.4,3.2,72.9,305.2,173.9,392.5,10.6,7.8,180.6,142.8,199.4,72.5,303.8,7.7,68.2,20.3,76.9,120,1.3,1.9,27.1,2.4,4.7,1.7,2.3,4.2,3064.8
27/11/2019,114.1,115.6,203.2,71.8,278,26.8,21,42.3,3.3,75.4,305.5,192.6,425.7,10.1,8,178.7,147.5,208.4,72.2,296.7,7,91.4,22.6,80.4,138.7,1.3,1.9,27.5,2.5,4.9,1.6,2.1,4.5,3248
28/11/2019,123.5,121.8,203.5,73.1,312.5,28.6,21.4,43.2,3.4,75,301.9,196,421.3,9.9,7.9,180.5,150.8,214.7,72.7,296.1,7.2,97.8,23.6,80.4,140.3,1.4,2,21.6,2.5,4.7,1.5,2.1,4.6,3313.4
29/11/2019,115,113.6,215.1,72.2,322,28.9,20.7,38.3,3.3,78.7,303.4,202,411.2,9.8,7.8,174.5,154.9,214.5,73.2,302.7,7.3,97.1,22.3,81.9,143.5,1.3,2.2,21.5,2.4,4.7,1.7,2.2,4.1,3320
30/11/2019,121.2,120.4,219.7,72,339.7,30.1,21.9,43.2,3.4,79.4,306.3,202.9,405.5,10,7.5,181.9,156.8,209.5,71.9,303.5,7.6,100.6,23.2,81.2,145.2,1.2,2,22.2,2.3,5.1,1.6,2.1,4.2,3373
01/12/2019,129.8,128.5,225.2,73.3,350.6,30.5,22.4,43.8,3.5,76.5,306.5,205.5,405.1,8.9,7.6,185.5,152.8,204.1,71.2,296.5,7.4,101.9,25.9,81.3,151.7,0.9,1.9,22.1,2.2,5.1,1.5,2.4,4.2,3409.3
02/12/2019,130.1,131.9,243.3,68.5,290.4,37.5,28,50.4,3.9,73.7,329,267.4,457.1,9.5,17.1,180.7,192.4,231.5,73.8,304.3,7.5,77.5,25.9,80.6,119.7,1.9,2.2,22.1,2.5,6.6,1.6,2.3,3.4,3552.3
03/12/2019,129.2,136.6,248.1,69.5,295.5,38.7,29.2,53,4,73.7,343.5,269.9,471.1,11.2,18.5,184.5,210.8,233.9,75.1,310,7.4,77.6,25.2,80,120.9,1.9,2.2,22.6,2.7,6.7,1.6,2.3,3.6,3645.2
04/12/2019,134.2,137.8,249,68.8,288,38.6,28.8,51.8,3.9,78.7,341,271.4,476.8,11.9,18.7,186.4,216.8,237.7,76,311.9,7.7,77.1,24.9,77.8,123.3,1.8,2.2,22.7,3,6.6,1.8,2.2,3.5,3666.4
05/12/2019,131.3,136.9,249,66.8,282.1,37.6,27.1,46.4,3.8,80.9,348.6,271.8,475.8,12,18.7,187.8,223,240.9,78.2,315.1,7.7,76.1,24.6,78.5,122.5,1.9,2.3,23.1,2.9,6.6,1.8,2.3,3.6,3671
06/12/2019,131.4,136.8,248.1,66.8,273.9,37.2,27.2,48.3,3.7,82.6,348.7,271.4,474.7,11.3,18.5,189,225.7,244.6,77.6,324,7.8,75.6,23,73.6,121.7,2,2.2,23.6,2.7,6.7,1.6,2.2,3.8,3669.5
07/12/2019,132.6,136.2,249.3,62.6,278.7,36.7,26.6,48.1,3.5,83.8,347,269.4,474.5,9.9,18.4,189.7,236.2,242,78.5,307.8,7.6,74.8,23.5,71.2,120.6,2,2.3,22.8,2.7,6.6,1.6,2.3,3.6,3655.3
08/12/2019,126.9,129.1,245.5,61.1,286.6,34.3,25.2,48.8,3.2,83.8,335,265.3,461.2,9.3,18,189.7,235.6,225.3,71.9,296.6,6.8,77.4,23.5,71.1,115.9,1.7,2.2,21.4,2.8,6.5,1.6,2.3,3.4,3570.8
09/12/2019,110.7,118.4,222.6,62.8,244.7,34.7,29.4,46,3.6,73.5,328.8,253.5,442.9,12.3,18.6,155.9,182.7,184.5,70.6,258,6.9,67.6,24.4,75.1,110.4,1.7,2.1,21.3,2.5,6.2,1.8,2.1,3.4,3253.2
10/12/2019,114.1,122.1,228.8,62.9,249.2,36.1,29.7,47.2,3.5,74.4,335.5,256,454,12.8,19,159.7,187.2,188,71.5,274.8,7.2,70.3,24.5,76.7,114.3,1.8,2.1,20,2.5,6,1.7,2.1,3.4,3335
11/12/2019,110.8,121,229.9,65.4,253.4,36.4,30.3,46.9,3.7,76.2,332.2,257.5,455.5,12.8,19,163,192.7,196.1,72.5,278.4,7.1,67.9,24.8,76.5,113.5,1.8,2.3,21.1,2.6,6.3,1.7,2.2,3.4,3360.3
12/12/2019,97.8,111.3,211.8,64.8,239.8,36.5,31.2,45.9,4.1,76.9,325.9,243.8,451.3,12.4,19,160.7,197.3,196.6,72.6,287.5,6.5,69.1,24.5,76.4,114.3,1.8,2.1,18.9,2.7,6,1.7,2.2,3.2,3291.1
13/12/2019,94.7,95.7,202.2,66.8,186.8,29.5,29.2,38.9,4.3,75.8,319.3,211,438.7,12.6,18.8,159.3,199.6,204.2,72.4,283.2,7.3,53.8,24,76.2,113.2,1.8,2.1,19,2.6,6,1.7,2.1,3.3,3132
14/12/2019,103.7,110.4,211.4,63.8,229.9,33.4,29.3,44.2,3.8,75.8,317.1,228.5,435.7,12.2,18.6,156.6,200.1,197.7,70.4,256.1,6.8,54.9,23.2,79.8,112,1.7,2,20.1,2.6,5.8,2,2.1,3.4,3189
15/12/2019,97.2,101.7,212.7,62,234.2,32.7,27.6,47.7,3.4,74.2,299.5,220.9,422.9,11.4,18.2,154.2,199.6,178.7,63.4,223.8,6.1,63.9,21.8,75.8,108.3,1.6,2,19.7,2.5,6,1.7,2.1,3.4,3075.1
16/12/2019,92.2,89.9,198.2,58,230.7,31.1,26.4,48.8,3.3,82.7,323.8,223.3,487.6,10.3,18.6,187.7,220.8,253.3,80.3,328.5,7.7,67.3,23.6,73.1,100,1.3,2.2,22.6,2.6,5.7,1.6,2.1,3.9,3383.2
17/12/2019,69.5,69.1,173.4,45.6,223.1,24.3,19.7,47.9,2.8,69.6,253.8,195.8,430.1,8.8,12.5,189.2,222.6,248.6,81.1,326.4,7.1,66.1,23.9,72.4,101.1,1.1,2.1,20.7,2.5,5.4,1.6,2,3.4,3084.5
18/12/2019,78.1,77.1,170.6,53.3,205.3,26.8,23.4,46.2,3.3,72.7,286.4,194.5,465.5,10.1,14.1,192.3,234.2,255.2,82.6,333.6,7.9,65.6,22.8,74.9,114.5,1.4,2,21.4,2.6,5.5,1.7,2.4,3.5,3216.5
19/12/2019,91.1,92.6,193,58.8,214,30,24.3,41.4,3.3,81.3,323.3,202.6,482.4,10.4,17.9,197.4,235.4,257.9,82.9,340.6,8.4,69.3,22.2,75.8,123.8,1.4,2,23.3,2.6,5.4,1.7,2.1,3.8,3391.2
20/12/2019,92.5,100.7,206.4,61.1,207,33.2,23.8,44.4,3.3,77.5,331.2,203.6,482.7,10.3,18.6,200,233.4,259.2,82.5,341.5,8.3,66.9,23.3,76.4,132.2,1.4,2.1,23.6,2.7,5.4,1.7,2.2,4,3434.3
21/12/2019,96,103.4,209.3,58.3,213.3,32.8,25.5,48.8,3.4,77.6,333.1,199.1,476.3,9.9,18.6,198.5,235.9,253.5,81.6,339.2,8.2,52.5,18.1,78.1,129,1.4,2.2,22.8,2.7,5.3,1.7,2.2,3.9,3413.1
22/12/2019,89.2,95.8,205.8,54.9,214.4,31.3,22.7,46.2,3,80.5,321,200.1,466.7,9.6,18.4,196.1,234.4,239,75.6,311.7,7.6,66.8,21,75.4,113.1,1.2,2.2,22.3,2.4,5.8,1.7,2.1,3.9,3316.1
23/12/2019,108.2,125.7,240.7,73.8,294,40.4,30.8,52,4.6,75.2,318.9,238.3,422.9,12.7,18.6,161.9,201,213.2,73.7,290.7,7.2,80.1,24.6,64.2,106.4,2,2.1,22.6,2.6,6.3,1.8,2.2,3.3,3397.2
24/12/2019,112,124.7,242.6,74.5,292.3,40.3,31.3,49.9,4.7,75.8,324.5,242.4,437.2,11,18.9,161.3,209.3,215.4,74.4,291.7,7.4,79.7,24.2,66,109.1,2.1,2.2,22.4,2.6,6.4,1.7,2.2,3.5,3441.8
25/12/2019,112.6,120.2,239,74.7,269.2,40.1,27.9,51.9,4.7,74.2,320.9,227.7,436.9,10.4,18.9,166.8,209.4,216.7,66.7,298.3,6.9,79.5,25.6,64.6,106.8,2.1,2.1,22,2.6,6.5,1.8,2.2,3.9,3390.5
26/12/2019,113.5,126.5,231.5,77.5,276.6,38,28.8,53.8,4.7,69.7,317.8,231.1,428.4,13.5,19,168.6,212.1,225.6,73,298.3,6.4,70.5,23.9,65.2,109.6,2,2.2,23,2.7,6.4,1.8,2.3,3.4,3403
27/12/2019,113,129.7,243.4,79.7,295.1,40.1,30.2,53.2,4.6,67.7,313.9,236.6,427,13.4,17.6,171.5,210.3,226.8,73.4,298.5,7.3,80.2,24.4,65.4,110.9,2,2.2,22.4,2.7,6.5,1.6,2.2,4.1,3454.6
28/12/2019,111.8,128.5,237.6,72.7,288.3,40.7,30.3,52.5,4.4,72.9,327.6,239.8,434.1,13.6,18.6,171.3,212.3,222.3,70.9,298.1,7.2,79.9,24.6,65.2,110,2,2.4,23.1,2.7,6.3,1.6,2.4,3.6,3456.8
29/12/2019,103.6,114.1,240.4,69.3,288,37.2,28.4,47.6,4,74.7,326.9,243.1,425.1,12.2,18.8,170.8,210.1,207.3,63.2,279.3,6.7,82.1,24,65,103.3,1.7,2.3,21.6,2.6,6.4,1.5,2.3,3.5,3364.3
30/12/2019,73.9,74.2,146.2,44.3,236.8,18.4,11.9,40.7,2.2,70.5,231.4,164.4,376.6,6.8,1.8,162,188.2,214.5,65.5,245.5,4.4,74.6,22.7,69.1,140.1,1,1.5,19.1,2.3,3.5,1.5,2.1,3.4,2752
31/12/2019,75.8,75.8,149.5,45.8,241.4,18.5,12.4,40.6,2.2,73.8,240.2,166.2,377.2,7.4,1.9,164.1,179.5,199.8,64.7,247,4.5,73.4,22.7,71.4,134.7,1.3,1.5,20.4,2.4,3.6,1.5,2.1,4,2757.3
01/01/2020,69.6,73.2,148.6,47.6,249,19.1,12.6,43.4,2.3,74.2,242.8,169,381.2,7.3,1.9,160.3,164.2,182,62.8,235.1,4.6,76.5,22.9,69.4,139.9,1.4,1.5,20.3,2.3,3.5,1.5,2,4,2726.9
02/01/2020,72.4,70.3,150.1,46.1,248,19.5,13.3,42.9,2.3,72.4,241.1,168.2,378.2,7.2,2,155.6,165.4,187.8,63.8,237.5,4.7,79.1,20.5,63.8,136.4,1.2,2.1,20.1,2.2,3.6,1.6,2.1,4.5,2716.4
03/01/2020,74,73.8,150.6,47.5,252.4,19.7,13.1,41.2,2.3,77.2,243.8,171.8,383.2,7.2,2,130.6,167.8,186.6,64.2,224.4,4.6,82.8,21,63,124.2,1,2,18.2,2.8,3.3,1.6,2.2,3.4,2695
04/01/2020,75.9,76.7,155.5,48.4,260.3,20.3,13.2,41.7,2.3,75.1,246,174,383.1,6.6,2.1,139.7,165.5,184.1,62.9,207.8,4.6,83.2,22.3,69.4,137.3,1.1,1.4,12.2,2.1,3.7,1.5,2.1,3.8,2717.5
05/01/2020,77.7,79.3,158.3,50.1,265.9,20.1,13,43.7,2.3,76,247.4,176.4,387.1,6.9,2.2,148.7,168.9,197.1,66.8,222.7,4.7,84.4,22.6,70.5,142.5,1.2,1.7,17.5,2.1,3.7,1.5,2.1,3.9,2800.9
06/01/2020,106.4,115.6,212.7,66.3,274.4,32.6,26.4,43.6,3.5,75.7,284.8,189.7,388.4,12.1,17.7,164,156.4,159.9,66.9,264.6,6.9,79.4,23.6,78.9,125,1,2.1,24.3,2.5,5.8,1.6,2.3,4.1,3092.8
07/01/2020,106.4,118,215.9,66.4,270.5,34.4,27.2,43.3,3.5,75,289.3,196.9,395.1,12.7,17.6,167.9,159.5,165.2,69.4,283.1,7.1,75.1,24,75.9,128.1,1.2,2,25.4,2.6,5.8,1.6,2.3,4,3147.2
08/01/2020,106.7,119.6,218.6,67.6,272.9,34.2,27.9,40.1,3.5,75.9,293.8,203.4,400.2,12.7,18,173.5,162.4,171.6,71,295.3,7,74,24,74.4,125.3,1.3,2.2,24.5,2.5,6,1.7,2.1,4.1,3192.8
09/01/2020,95.3,112.8,207.9,65.5,265.5,34.8,26.5,17.8,3.5,74.8,285.2,199.3,397.7,12.7,18.1,173.5,159.2,171.4,70.7,295,7.2,74.4,23.7,71.2,118.6,1.1,2,24.9,2.5,5.7,1.7,2,4.2,3101
10/01/2020,99,114.7,210.7,64.9,265.7,34,27.2,18.9,3.4,73.8,285.4,196.2,387.1,12.6,17.9,171,161.8,168.5,71.5,289.9,7.6,74.6,23.9,66.3,117.2,1.3,2.1,24.8,2.4,6,2,2.2,3.8,3085.1
11/01/2020,101.7,114.3,215.6,61.4,270.7,34.5,27.4,24.5,3.3,70.9,292.8,202.3,389,12.2,17.9,164.9,157.3,166.9,69.6,281.2,7.6,75.7,23.4,60.4,99.6,1.3,2,24.2,2.3,6.4,2.1,2.2,3.4,3064.3
12/01/2020,94.2,102.6,211.3,59.6,260.4,31.5,25.9,31.3,3,72.5,287.8,204.4,378.3,12.2,17.5,165.1,155.8,155.8,62.4,262.4,7,75.8,23.4,72,91.1,1,2,22.5,2.3,6.3,1.6,2,2.8,2978.1
13/01/2020,88.2,89.5,187.7,64.8,282.8,21.2,16.1,37.8,2.9,77.3,289.9,191,414.1,9.4,6,163.9,141.8,184,69.1,250,5.8,81.8,23.7,78.2,103.2,1,1.3,21.4,2.3,4,1.5,2.1,3.9,2961.4
14/01/2020,91.2,91,171.6,61.2,280,22.3,17.6,38.7,3,72.1,294.1,178.5,416.5,10.5,6.7,167.5,144.6,195.8,74,263.3,6.4,84.7,23.5,76.2,120.1,1.3,1.4,24.6,2.5,4.3,1.5,2.1,3.6,3000.2
15/01/2020,100.5,108.2,185.3,65.8,260.8,25.3,18.4,40.7,3.2,70.8,294.8,174.6,421.3,10.6,7.3,170.6,146.9,204.2,72.4,271.8,6.6,70.8,22.6,80.6,127,1.4,1.3,22.8,2.4,4.3,1.3,2,3.4,3049.7
16/01/2020,105.4,106.9,178.8,68.5,269.3,25.3,19.9,39.2,3.3,70.8,300.2,181.1,431.5,10.4,7.5,171.9,146.1,204,68.1,279.6,6.9,74.7,18.1,69.7,107.4,1.3,1.8,21.9,2.3,4.4,1.6,2.1,3.3,3049.3
17/01/2020,112.9,109.1,192.5,65.7,257.6,22.7,17.4,41.9,3.2,65.6,303.6,186.8,427.2,10.6,7.6,171.7,141.8,205.2,69.8,281.7,7.3,71.3,21.5,72.6,116,1.2,1.9,21.8,2.2,4.6,1.7,2,1.4,3068.3
18/01/2020,121.1,120.2,208.7,71.8,300.3,26.5,19.2,44.1,3.3,68.2,304,197.2,428.6,10.6,7.9,174.8,145.4,199.3,71.3,288.1,7.4,76.1,22.9,73.6,112.9,1.3,1.7,23,2.2,4.8,1.5,2.1,3.3,3192.9
19/01/2020,129.2,126.3,214.8,75,316.6,28,19.6,42.9,3.4,67.9,302.8,197.3,432.1,10.4,7.8,177.3,147.8,205.6,72.7,292.4,7.3,85.7,22.8,74.7,130.7,1.4,1.8,25,2.3,4.9,1.7,2.2,4.6,3287.1
20/01/2020,113,123.6,245.1,70.7,283.5,38.3,30.2,50.2,4.1,80.9,332.1,270.1,459.1,9.5,18.4,184.4,208.6,233.6,73.3,298.9,7.2,77.3,25.8,76,113.4,2,2.2,22.4,2.7,6.7,1.7,2.3,3.4,3548
21/01/2020,120.2,128.5,249,69.8,287.4,39.3,30.7,53.6,4.2,77.7,333.9,265,464.5,10,18,180.6,215.2,233.9,74.3,311.3,7.3,77.8,25.2,69.9,121.4,1.9,2.2,22.3,2.7,6.5,1.7,2.3,3.5,3589.8
22/01/2020,120.5,131.6,250.3,71.7,290.9,39.3,30.1,50.2,4.1,74.1,332.6,262.7,464.8,10,18.1,184.6,228.9,239.1,75.6,311,7.5,77.4,25.2,68.9,119.9,2,2.3,22.7,2.7,6.6,1.8,2.4,3.1,3609.3
23/01/2020,123.8,131.6,251.7,70.7,292,39.4,30.5,49.7,4.1,75.6,337,267.7,463.7,9.8,18.2,189.5,226.2,239.5,75.4,312.9,7.5,77,25.1,71,120.7,2,2.3,22.8,2.7,6.9,1.6,2.3,3.6,3631.8
24/01/2020,126,133,249.7,73.4,295.5,40.1,31.1,51.1,4.2,71.8,337.3,267.7,452.7,9.6,17.9,188.1,226.7,238.3,75.4,314.7,7.5,79.6,25.7,72,121.4,2.1,2.2,23.9,2.3,6.7,1.6,2.1,3.7,3635.5
25/01/2020,127.2,131.6,247.4,62,295.4,39.2,30.3,50.7,3.9,72.8,333.9,266.9,449.6,9.6,18,187.4,220.6,230.7,73.4,314.6,7.6,76.4,25.4,77,120.2,1.9,2,23,2.4,6.7,1.7,2.2,3.4,3596.5
26/01/2020,121.6,122.9,243.3,72.1,286.3,35.6,27.5,49.9,3.5,69.3,318.9,261.6,428.1,8.3,17.7,180.5,192.9,214.3,67,295.9,6.9,75.9,25.4,84.3,111.2,1,2.7,20.9,2.1,6.4,1.6,2.2,3.4,3438.8
27/01/2020,100.2,109.1,210.4,60.8,240.5,33,28.3,44.3,3.4,71.7,330.3,248.2,437.4,12.4,18.2,151.6,157.3,167.4,70,230.6,6.4,65.3,23.7,85.4,108.5,1.5,2.3,23.4,2.4,6,1.6,2.2,2.6,3126.7
28/01/2020,102.1,115.8,217.5,62.5,239.9,35,28.4,44.4,3.5,71.9,331.3,250.3,439.8,12.4,18.5,152.6,156,165,69.8,242.5,6.5,66.1,23.6,86,110.9,1.7,2.3,22,2.3,6,1.7,2.2,3.4,3166.5
29/01/2020,107.9,118.6,220.4,62.6,245,35.4,29.6,45.3,3.2,71.5,330.8,251.9,445.8,12.4,18.8,153.2,165.9,172.9,70.2,251.7,6.5,65.1,23.8,79.4,110.1,1.7,2.1,22.2,2.5,6,1.7,2.2,3.3,3212.5
30/01/2020,112,119.4,222.7,63.5,250.4,35.3,29.9,46.4,3.5,73.1,336.3,253.1,449.6,12.4,18.9,156.4,172.5,174.5,69.8,254.2,6.7,66.2,24.4,75.1,110.4,1.6,2.1,21.5,2.3,5.9,1.8,2.2,3.4,3251.6
31/01/2020,114,121.6,225.4,65,249.4,36.1,30.4,45.9,3.6,72.8,331.9,253.3,441.9,12.5,18.7,156,181.5,179.9,68.7,257.7,6.6,67.6,23.8,75.8,110.8,1.7,2.2,22.6,2.4,6,1.8,2.2,3.9,3268.9
01/02/2020,113.8,120.5,223.2,62,248.3,35,30,46.4,3.4,72.5,325.8,255.1,434.6,12.3,18.6,155,181.7,177.1,69.8,250.4,6.7,66.8,23.8,74,114.1,1.7,2.3,21.5,2.2,6,1.8,2.2,3.7,3235.3
02/02/2020,108.5,109,219.8,59.3,242.3,32.1,26.4,45.4,3.1,73,312,252.3,421.6,12.3,18.2,150.3,175.6,169.7,64.7,229,6.2,67.6,24.3,73.8,107.6,1.4,2.1,21.1,2.5,6.1,1.7,2.2,3.5,3117.5
03/02/2020,111.2,110.4,236.5,61.5,250.8,33.8,27.5,46.8,3.1,91.3,360.1,226.7,476.6,10.9,18.6,195.3,248.6,237.2,78.9,323,7.5,72.1,24.2,72.4,120.1,1.4,2.1,22.5,2.7,5.6,1.6,2.1,3.5,3564.8
04/02/2020,116.5,119.5,244.7,62.8,257.1,35,28.4,46.9,3.4,86.2,363.1,234.3,490.8,11,19,195.9,254,245.1,79.9,334,7.9,73.1,22.9,71.6,115.5,1.5,2.2,20.3,2.5,5.7,1.6,2.2,3.4,3634.8
05/02/2020,114,114,225.9,63.9,250,35.1,28.2,45.4,3.4,84.3,356.5,232.1,490.1,11,19.2,201.2,254.1,244.5,80,337.3,8.1,73.5,21.7,69.9,111.4,1.7,2.1,21.3,2.8,5.5,1.7,2.2,3.5,3590.6
06/02/2020,101.7,97.2,215.6,62.9,230.3,34.8,29.4,45.7,3.3,85.1,354.3,232,491.6,10.4,19.5,199.5,247.3,251.9,79.2,336.3,8,73.5,20.3,69.3,115.5,1.7,2.1,22.5,2.6,5.9,1.6,2.1,3.5,3532.6
07/02/2020,91.6,87.6,153.3,64.4,209.5,32.9,29.6,46.8,3.5,83.5,345.3,220.7,486.1,10.4,19.1,194.7,244.1,248.5,79.4,339.7,8.5,67.3,21,67.8,114,1.4,2.2,22.5,2.6,5.7,1.7,2.2,3.6,3387.6
08/02/2020,97.3,99.1,193.9,59.9,218.8,34.6,30.5,49.2,3.5,72.2,344,221.5,486.1,10.4,19.1,185.7,237.6,247.7,79.5,332.2,8.2,64.8,20.9,68.6,109.7,1.5,2.3,22.2,2.7,5.9,1.6,2.2,3.6,3409.3
09/02/2020,93.8,93.2,201.1,58.2,232.1,33.8,27.5,47.4,3.1,81.2,335.6,221,471.5,9.2,19,182.4,226.7,237.4,73.9,309.7,7.4,71.1,22.5,71.4,104.9,1.3,2.3,21,2.7,5.7,1.7,2.2,3.4,3348.7
10/02/2020,119.9,130.3,234.1,85.8,313.9,40.7,30,52.5,5,78.7,319.5,253,428.6,12.8,18.6,164.6,204.2,206.3,72.7,268.3,6.3,82.3,24.8,70.2,108.2,2,2.1,21.7,2.7,6.1,1.9,2.2,3.4,3449.3
11/02/2020,121.9,133.5,240.2,85.5,311.8,39.3,30.1,54.1,4.9,78.8,316.7,253.6,419.6,13.7,18.2,170.1,204.5,212.2,73.6,285.2,6.5,82,25.6,67.9,110.2,1.9,2.2,23.4,2.4,6.5,1.8,2.2,3.6,3480.1
12/02/2020,118.8,128.2,239.8,83.5,320.7,38.1,30.1,53.2,4.8,74.8,301.9,239.3,395.8,12.6,16.7,165.2,201.2,205.3,73.4,270.3,6.4,82.9,26.3,66.3,106.8,1.7,2.2,21.7,2.4,6.3,1.7,2.2,3.5,3379.9
13/02/2020,121,127.5,239.1,79.2,299,39.2,30.2,51.5,4.3,69,313.2,228.2,411.1,13,17.6,167.4,201.7,212.4,75.4,286.8,6.6,77,23,65.8,107,2,2.2,22.5,2.7,5.7,1.8,2.3,3.5,3383.3
14/02/2020,121.4,132.6,240.4,76.6,286.8,39.2,31,53.2,4.3,68.1,320.7,227.4,408.6,12.9,18.6,171.2,194.9,217.5,75.4,298.3,7.2,76.4,22.6,62.9,106.4,2,2.2,21.7,2.7,6.2,1.9,2.3,3.3,3390.5
15/02/2020,118,132.1,241.9,71.1,294.2,40.1,30.1,53.3,4,73.1,319.4,230.3,408.1,12.7,18.3,166.4,191.9,217.4,74.9,294.2,7,75.3,23.9,64,109.3,1.5,2.2,21.4,2.5,6.1,1.8,2.3,3.3,3388.4
16/02/2020,107.5,121.4,237.2,69,289.4,37,29.2,51.2,3.8,74.2,307.9,228.8,398.2,10.9,18.1,160.8,190.8,201,68.2,279.2,6.5,76.2,23.3,63.6,102.9,1.6,2.3,20.7,2.6,6.2,1.8,2.1,3.3,3271.3
17/02/2020,60,66.5,131.8,41.8,220.4,16.8,12.7,45.3,2.2,71.9,203.5,150.4,348.4,6.9,1.6,160.4,206.5,215.7,67.8,242.7,4,65.3,21.9,80.1,125.7,1.1,1.8,20,2.4,3.4,1.6,1.9,3.4,2639.1
18/02/2020,62.7,68.1,141.4,43.1,220.8,17.3,12.5,41.9,2.2,67.8,212,155.6,345.2,6.7,1.7,162.7,203.2,218.2,69.3,244.1,4.2,69.4,22.8,76.1,126.1,1.2,2,20.5,2.5,3.4,1.6,2.1,3.9,2665
19/02/2020,63.6,66.7,141.3,42.9,234.8,17.8,13,40.2,2.3,72.6,217.1,158.9,344.3,7.1,1.3,164.2,204.8,221.6,70.2,245.2,4.2,71.2,23.4,77.3,128,1.3,1.5,20.9,2.4,3.4,1.6,2,3.9,2705.5
20/02/2020,63.5,66.8,145.1,44.9,241.2,18.2,12.6,43.5,2.2,73.4,221.5,162.7,353.3,7.2,1.7,163.7,200.5,220.7,70.3,243.9,4.2,77.4,23,73.2,127.6,1.1,1.5,20.9,2.4,3.4,1.6,2,3.8,2731.2
21/02/2020,68,71.3,147.7,43.8,246.2,18.3,12.4,43.4,2.2,75.7,224,165.5,369.8,7.2,1.7,165.8,202.4,226.7,71.4,246.5,4.3,78.3,23.3,72.8,131.6,1,1.5,19.7,2.4,3.4,1.5,2,3.6,2787.4
22/02/2020,72.1,70.3,149,43.5,241.2,18.9,13.3,43.2,2.2,75.4,229.7,165.4,376,7.2,1.8,165.2,194,226.2,71.4,250.2,4.3,76.1,24,70.7,136.8,1.3,1.4,19.5,2.3,3.6,1.5,2.1,2.6,2793.9
23/02/2020,70.5,71.2,148.9,44.1,241.3,18.5,12.5,41.5,2.2,70.8,232.2,165.8,378,7.2,1.8,163.2,189.8,228.8,71.7,250.6,4.3,75.1,24.1,70.3,138.9,1.2,1.5,19.8,2.3,3.8,1.6,2,3.1,2790.6
24/02/2020,92,96.2,175.3,60.3,260.1,24.6,17,41.3,2.9,67.4,215.2,154.6,305.6,10.1,11.4,152.8,144.5,128.2,64.6,201.2,5.5,79.7,24.3,76.6,115.4,0.7,2.2,21.5,2.5,5.5,1.7,2.4,4.2,2635.5
25/02/2020,105.8,105.6,188.1,63.2,262.8,27.7,21.5,42.9,3.3,71.2,229.6,156.5,320.1,10.1,14,156.7,145.3,133.8,64.4,218.6,6.3,80,23.6,77.4,115.1,0.7,2,24.3,2.4,5.7,1.7,2,4.2,2756.6
26/02/2020,110.1,116.2,201.3,68.4,268.2,30.9,25.2,43.3,3.6,74,234.9,166,350.4,10.1,15.3,149.8,145.8,136.9,63.5,221.8,6,79.4,22.7,80.1,117.4,0.9,2,25.3,2.5,5.8,1.8,2,4,2858.2
27/02/2020,112.4,119.5,209.7,67.6,273.2,31.9,26.4,42.8,3.6,75.1,261.5,175,360.6,12.3,17,148.7,148.6,146.8,60.6,230.7,6.1,82.6,23.8,78.3,123.7,1.1,1.8,26.5,2.4,6,1.7,2,3.8,2957.3
28/02/2020,111.3,122.5,210.8,69,276.9,33.3,27.1,44.2,3.6,74.3,282.1,180.7,362.2,12.3,17.2,153.8,150.8,121,62.3,245.8,6.4,82.7,24.4,83.3,124.9,1.2,2.1,25.9,2.4,5.8,1.6,2.3,4.1,3002.8
29/02/2020,108.5,117.4,205,64.8,281.4,33.2,26.7,43.9,3.5,74.1,278.5,184,360.6,12.3,17.2,155.2,150.5,142.8,65,253.6,6.8,79.5,23.9,84.1,123.3,1.2,2.1,25.2,2.5,5.8,1.9,2.1,4.1,3014.3
01/03/2020,98.8,104.3,202.4,61.2,268.8,30.3,24.9,42.2,3.1,74.4,261.9,181.7,357.5,12.3,17.2,157.5,147.6,141.7,60.3,243,6.3,77.9,23.6,84,116.8,1.1,1.9,24.5,2.6,5.9,1.7,2.3,4.1,2916.2
02/03/2020,107.5,123.5,238.4,69,281.2,38.9,28.4,51.2,4.6,82.3,332.4,255.7,454.7,9.8,17.2,182.9,215,228.3,72.1,296.7,7,79.9,26.3,70.1,113.9,2.1,2.2,22.7,2.9,6.7,1.5,2.3,3.4,3507.2
03/03/2020,102.9,116.3,240.6,72.1,270.4,38.7,28.6,52.2,4.4,80.8,338,258.5,467,10.2,18.9,187.8,218.5,233.3,74.2,307,7.4,80.6,26.3,71,119.5,2.2,2.2,23.4,2.9,6.6,1.7,2.4,3.6,3548.5
04/03/2020,104.2,123.1,240.9,71.8,271.8,38.5,29.2,48.4,4.3,80.8,330.5,259.6,461.9,10.2,18.8,191,219.7,235.8,75,302.4,7.9,76.8,24.2,71.5,114.1,2.2,2.1,23.2,2.6,6.6,1.7,2.2,4.2,3534.4
05/03/2020,106.9,124,240.9,71.1,271.2,39.3,30.8,49.9,4.1,83.2,327.8,258,454.7,10,18.7,191.8,219.4,239.4,74.1,308,7.4,80.6,26.1,71.2,120.5,2,2.1,24.1,2.6,6.5,1.6,2.1,3.9,3553
06/03/2020,111.2,125.6,243.6,73,282.1,39.6,31.8,51.3,4.4,81.9,330.4,262.8,448.3,9.2,18.4,190,224.4,240.7,75,314.3,7.4,78.9,25.6,70.1,118.9,2,2.5,22,2.6,6.4,1.8,2.1,3.9,3580.4
07/03/2020,111.6,124.7,243.7,68,276.9,39.2,30.8,51.1,4,80.8,324,264.8,443.4,10.6,17.8,188.6,210.8,233.8,73.7,306.3,7.6,76.8,24.1,70.1,119.8,2.1,2.2,23,2.6,6.6,1.7,2.1,4,3523.5
08/03/2020,106.1,116.3,242.5,67.3,276.8,36.3,27.7,49.5,3.7,81.6,316.4,265.1,435.6,9.1,17.8,182.7,204.6,217.7,67,282.7,6.7,78,24.7,75.1,111.4,1.9,2.2,21.6,2.6,6.7,1.7,2.2,3.6,3421.5
09/03/2020,87.5,87.9,164,57.8,235.1,19.2,13.6,41.8,2.7,67.7,277.2,175.7,404.6,8.7,4,148.6,140,196.3,63.9,228.7,4.5,67.3,20.4,59.5,98.4,1.1,1.4,19.1,1.9,4.3,1.5,2,2.8,2742.3
10/03/2020,81.5,86.6,165.4,51.2,222.1,20.1,14,40.8,2.6,64.1,286.2,168.3,405.7,9.7,4.7,150.9,137,201.7,66.2,230.9,5.2,71.9,20.4,63,97.7,1.4,2,19.6,2.3,4.1,1.6,2,3.4,2739.7
11/03/2020,89.6,93.4,180.1,58.4,249,21.6,14.7,41.5,2.6,67.5,291,182.2,408.1,9.3,5.1,155.8,131.8,206.8,68.5,236.3,5.4,67.1,20.3,66.1,91.6,1.3,1.5,19.9,2.1,4.2,1.4,2.1,3.4,2834.5
12/03/2020,96.5,102.4,188.8,63,276.4,22.6,15.6,41.8,2.8,68.2,294.3,186.1,408.8,10,5.4,142.2,130.5,184,65.4,221.8,5.4,74.1,21.4,65.5,97.1,1.3,1.5,19.8,2.1,4.1,1.4,2,3.4,2861.3
13/03/2020,103.4,108.4,190.9,66.1,287.7,22.4,16.1,41.2,3,70.9,296.2,189.2,405.1,10.1,5.7,151.3,140.2,189.7,67.7,228.8,5.7,83.8,22.5,67.5,106.8,1.3,1.4,21.5,2.2,4.4,1.4,1.8,3.1,2954.8
14/03/2020,109,114.4,198.4,69.6,268.6,21.7,15.9,41.4,3.1,73,292.6,186.9,400.2,9.1,5.3,151.8,133.8,189.7,67.5,234.4,5.4,70.2,21.8,67.4,101.9,1,1.5,21.8,2.2,4.2,1.4,1.9,3.7,2928.1
15/03/2020,109,112.5,206.6,68.3,287.1,23.3,16.7,38.3,3.2,74.7,295.5,193.3,409.9,9.7,5.8,157.9,137,187.9,70.5,245.3,6.2,71.3,22,70.2,95.6,1.3,1.7,21.7,2,4,1.4,1.8,4.5,2997.2
16/03/2020,101.7,114.5,216.7,62.5,260.8,33.1,27.9,44.5,3.2,71.6,334.9,248.2,438,12.3,18.3,169.5,178.7,196.3,72,269.1,6.8,66.6,24.4,72.1,107.5,1.5,2.2,22.6,2.5,5.9,1.7,2.1,3.5,3267.9
17/03/2020,100.3,114.2,214.5,63.5,258.2,34.1,28.4,44.2,3.4,72.8,339.2,250.9,442.3,12.3,18.5,169.5,180.8,182.1,73,280.8,7,68.3,24.7,74.4,110.8,1.6,2.1,22.7,2.4,5.7,1.7,2.1,3.4,3283.5
18/03/2020,98,108.2,218.6,62.6,258.4,34.6,28.6,40.1,3.5,71.5,336.5,253.4,441,12.3,18.6,169.9,170.8,185.8,73.5,280.3,7.2,68.7,24.2,73.8,113.4,1.6,2,23.3,2.6,5.8,1.8,2.2,3.6,3270.5
19/03/2020,99.4,100.3,213,62.4,238.2,30.2,28.2,37.9,3.5,71.4,334.7,252.8,443.7,12.5,17.7,168.6,169,190.8,73.8,265.8,7.1,69.3,24.1,74.5,113,1.6,2.1,23.1,2.6,5.5,1.8,2.2,3.6,3218.6
20/03/2020,102.8,109.9,212.3,63.5,236.2,34.2,29.2,44.3,3.5,71.9,336.7,250.3,443.7,12.9,18.4,167.7,168.6,195.3,74.2,264.7,7.3,69,24.3,74.9,114.1,1.5,2.1,22.9,2.4,5.5,1.8,2.2,3.9,3245.7
21/03/2020,101.4,108.5,213.3,60.4,240.5,34.2,29.1,44.1,3.3,71.7,333.5,250.7,445,12.9,18.3,170,167.3,190.9,72,250,6.9,69,24.5,77.5,115.6,1.4,2.2,23,2.5,6,1.8,2.2,3.4,3226.7
22/03/2020,92.9,97.7,210.3,57.2,232.6,30.9,25.8,43.8,3.1,70.5,318.3,246,424.4,12.9,17.7,151.7,159.2,162.3,64.2,211.8,5.8,66.8,23.6,83.8,102.1,1.2,2.1,20.4,2.6,5.9,1.8,2.1,3.4,3024.6
22/03/2020,121.8,120.5,242.6,63.9,259.9,34.9,27.5,48.4,3.4,75.8,356.3,252.2,495.9,10.5,18.7,195,255.1,242.7,77.6,311.6,7.5,64.5,22.2,70.3,116.3,1.4,2.3,20.7,2.6,5.5,1.9,2.1,3.6,3616.6
23/03/2020,124.8,124.7,244.8,63.6,250,35.3,28.9,46.6,3.4,72.2,354.7,249.8,494.2,10.9,18.7,197.6,255.2,250.1,79.3,323.8,7.9,61.2,21,71.7,113.5,1.6,2,22.7,2.5,6,1.9,2.2,3.5,3622.2
24/03/2020,124.9,124.8,245.1,63.8,257.7,35.6,29.2,48.3,3.5,77.2,347.2,250.4,491.4,10.8,18.9,201.2,253.3,249.6,79.7,325.6,8,63.8,22.1,70,115.4,1.7,2.2,19.2,2.5,5.9,1.7,2.3,3.3,3632
25/03/2020,121.8,123,245.7,62.5,250.6,36,29.1,48.8,3.5,79.2,344.5,250.6,493.4,10.9,19.1,199,249.7,252,80.6,328.3,7.9,69,22.3,67.5,119.7,1.5,2.1,21,2.6,5.7,1.6,2.2,3.4,3630.1
26/03/2020,113,123,246.2,63.8,274.9,36,28.8,49,3.5,81.9,362,252.9,492.9,11.1,18.5,200.7,254,253.3,80.5,329.1,7.8,69.8,23.8,69.5,119.9,1.6,2.1,22.7,2.6,5.8,1.7,2.2,3.5,3682.8
27/03/2020,96.9,108,236,60.3,247.3,34.9,27.9,42.7,3.5,83.7,361.6,248.3,484.8,11.6,19.4,200.8,255.9,248,79.2,326.4,7.8,68.2,24.1,69.2,120.5,1.6,2.1,23.1,2.7,5.9,1.6,2.2,3.4,3587.5
28/03/2020,97.8,94.5,230.1,57.9,215.8,31.3,25,46.3,3.4,85.1,346.4,222.4,456.8,11.6,17,194,247.7,224.3,71.9,302.8,7.1,70.8,23.9,67.4,111.1,1.3,2.1,21.1,2.6,5.5,1.7,2.1,3.4,3378
29/03/2020,112.8,125.5,232.5,74.2,280.7,38.8,30,50.8,4.4,78,326.4,246.6,447.6,12.9,18.9,166.1,218.6,203.7,71.9,277.7,6.8,72.2,25.9,65.7,106.8,1.9,2.4,22.8,2.5,6,1.9,2.1,3.3,3419.7
30/03/2020,118.6,131.1,232.8,76.9,276.6,39.1,30.4,51.4,4.5,78.2,329.8,239.7,456.7,13.1,19,167.7,223.4,209,72.5,285.9,6.7,71.6,24.1,66.9,111.8,2,2.2,21.7,2.7,6,1.8,2.2,3.5,3456
31/03/2020,121.2,132.1,235.6,76.9,277.3,40,30,52.5,4.5,78.6,325.4,237.4,447.8,10.9,19,164.5,225.7,204.1,66.9,261.1,6.4,75.4,25.1,65.6,110.3,2,2.2,22.5,2.7,6.4,1.8,2.2,3.7,3416.4
01/04/2020,123.3,134.5,232.7,79.2,293.2,42.2,30.6,52.4,4.9,74.5,324.4,242.8,427.8,13.1,18.9,168.2,222.7,207.2,72.7,272.4,6.8,75.2,24,65.3,109.6,2.2,2.2,22.4,2.6,6.3,1.9,2.3,3.8,3439
02/04/2020,120.9,133.6,235,82,304.8,41.4,30.4,52.5,4.9,75.3,320.9,245.1,428.5,13.5,18.7,172.6,225.7,211.6,74.4,271.4,6.8,77.7,25.1,66.2,107,2.1,2.3,22.8,2.7,6.2,1.7,2.3,3.3,3468.2
03/04/2020,122.1,133,234.6,80.4,297,41.5,30,53.4,4.7,75.8,317.6,246.2,425.5,13.4,18.7,170.1,208.3,208.1,73.6,276.3,6.7,76.1,24.5,70.3,111.1,2.1,2.2,22.4,2.6,6.4,1.7,2.3,3.5,3438.6
04/04/2020,113.8,124.6,231,78,308,39.1,27.5,52.7,4.4,77.2,306.7,246.9,415.3,13.3,18.4,163,204.8,193.3,66.5,259.2,6.2,80.2,25.2,71.6,100.7,1.9,2.1,21.4,2.4,6.2,1.7,2.1,3.4,3345.9
05/04/2020,86.3,93,178.7,46.1,240.8,22.5,13,45.6,2.4,81.6,282.4,182.1,395.6,7.4,13.5,176.7,219.7,226.4,69.9,276.5,6.1,68.2,21.5,66.5,100.4,1,2.1,19,2.4,5.6,1.6,2.2,3.1,3025.3
06/04/2020,74.7,92,171.9,48.7,247.4,21.7,20.5,44.7,2.4,86.4,291,183.4,403.6,6.9,15,181.4,224.9,238.3,75.3,302.6,7,63,23.2,69.1,114.7,1.4,1.9,21.5,2.7,5.8,1.8,2.1,3.5,3113.1
07/04/2020,69.6,85.9,171.4,46,241.6,19.5,15.6,42.8,2.3,80.8,263,178.9,394.4,7.2,12.9,175.4,210.7,231.2,69.9,290.7,5,69.9,23.9,74.7,106.4,1.5,2,21.3,2.6,5.3,1.7,2,3.6,2974.2
08/04/2020,63.1,76.7,161.2,46.1,239.9,18.2,12.8,44.6,2.3,75.2,238.2,160,357.9,6.2,3.2,162.1,207.4,214.9,66.7,256.3,4.2,72.7,24.2,79.1,107.8,1.4,2.1,19.5,2.3,5,1.5,2.1,3.5,2776.5
09/04/2020,66.9,74.7,127.9,44.1,238.9,18,12,43.2,2.3,73.4,207.5,150.3,328,6.9,2.2,159.7,202.5,213.6,65.7,245.9,4.1,73.3,23.2,82.7,111.8,1.3,2,19.1,2.5,4.7,1.6,2.1,3.2,2652.4
10/04/2020,57.6,65.9,105.8,44.4,217.3,17,12.9,42.9,2.4,77,192.3,131.8,348.2,7,2,160.4,202.7,217.4,66.6,244.7,4.1,76.3,23.7,80.7,117,1.3,2,20.6,2.5,4.3,1.8,2.1,3.1,2591.9
11/04/2020,56.1,64.8,123.5,42.4,219.4,16.9,12.6,40.9,2.2,73.6,201.7,142.8,351,6.8,1.7,161,208.6,214.6,67.5,244.5,4.1,67.3,23,82.8,125.2,1.3,1.9,21,2.4,3.7,1.5,2,3.6,2628.5
12/04/2020,105.1,126.4,234.2,77.7,281.2,40,32.2,51,4.5,78.7,324.8,235.9,445.9,9.9,18.3,177.3,211.8,233.6,73.3,283,6.9,78.2,25.3,69,112.2,1.8,2.4,21.5,2.8,6.5,1.9,2.3,3.5,3458.5
13/04/2020,106.5,129.6,240.4,75.9,283.7,41,32.8,51.3,4.3,79.8,327.1,243.1,457.6,10.1,18.6,180.6,216.6,233.8,75.7,294,6.9,79,26.2,68.4,122.3,1.9,2.1,22.9,2.4,6.5,1.6,2.1,3.5,3527.5
14/04/2020,111.2,130.3,238.7,76.6,283.2,39.6,31.3,49.8,4.2,77.1,329.1,242.1,460.2,10.3,18.8,182.4,216.3,234.8,74.9,297.4,7,81.6,25.9,70.3,118.8,1.9,2.1,24.1,2.3,6.6,1.6,2.1,4.5,3533.7
15/04/2020,111,129.6,238.6,75,270.6,39.3,31.6,50.6,4.2,80.8,337.6,242.8,464.3,10.4,18.5,184.3,218.9,233.2,76,302.3,7.1,79.4,25.6,71,118.3,2.1,2.3,22.8,2.7,6.5,1.9,2.5,3.4,3543.6
16/04/2020,112.9,131.6,237.6,76,283.9,39.9,32.1,50.3,4.2,82.2,341.5,250.7,466,10.1,19,182.8,217.2,233.6,76.3,300.3,7.5,79.7,26,69.5,121.4,2.7,2.3,23.1,2.7,6.6,1.9,2.5,3.5,3576.2
17/04/2020,114.3,130.9,245.5,71.4,284.6,39.9,30.1,50.9,4.1,83.7,339.1,255.7,464.7,10,18.7,183,213.6,228.6,74,299.5,7.3,78.7,26.4,70.4,119.1,2.8,2.1,23.2,2.7,6.7,2,2.3,3.4,3566.7
18/04/2020,99.3,116.7,231,60.3,282.3,33.5,26.6,49.9,4.1,80,312.7,254.5,424.1,8.7,14.9,178.7,208,214.7,65.3,270.3,6.3,82.8,26.6,70.1,107.5,2.1,2.3,22.2,2.8,6.5,1.9,2.3,3.3,3346.5
19/04/2020,77.9,86.6,171.8,57.8,280.3,21.6,12.1,46.6,2.5,76.5,261.3,179.6,380.5,7.8,2.7,168.7,143.8,196.4,69.6,253.7,5.4,80.8,24.4,69.7,118.8,1,1.4,15.8,2.5,4,1.4,2,3.3,2861.8
20/04/2020,75.3,86.1,154.1,59.9,268.3,22.1,13.9,45.5,2.6,77.9,265.8,182.2,388.6,8.2,2.9,170.6,145.1,207.4,71.7,255.6,5.7,70.2,22.6,78.2,118.4,1.3,1.4,15.5,2.3,3.7,1.5,2.1,3.4,2864.2
21/04/2020,68.5,84.4,163,56.8,260.2,22.6,13.9,40.4,2.4,70.6,268,185.8,399.1,8.2,3,169.3,142.9,207.2,71.3,255,5.6,64,18.8,64.7,82.4,1.3,1.1,14.8,2.1,3.8,1.4,1.4,3.5,2789
22/04/2020,81.2,89.7,171,58.6,283,23.1,14.4,45.9,2.6,75.1,275.8,189.3,405.7,8.6,3.2,170.1,142.4,207.9,70.7,260.5,5.8,72.8,20.6,63.6,95.1,1.4,1.4,14.3,2.3,4,1.4,2,3.3,2899.6
23/04/2020,83.7,92.4,167.2,59.9,284.4,23.3,14.2,43.9,2.7,75.2,278.9,186.2,410.2,8.9,3.3,170.5,144.9,205.5,70.6,261.7,5.7,75.3,19,67.3,99.8,1.5,1.3,16.8,2.1,4.1,1.4,1.8,2.9,2919.4
24/04/2020,91,94.2,170.6,59.5,293.6,22.8,14.1,44.6,2.8,74.5,280.6,187.9,412.7,9.2,3.4,169.4,146,193.5,69.9,260.8,5.8,71.8,21.1,56.5,93.3,1.5,1.4,16.5,2.2,4.1,1.4,1.8,2.9,2917.3
25/04/2020,91.6,96.6,168,62.2,296.3,23.9,14.6,42.4,2.8,72.5,275.4,183.3,404.4,9.5,3.8,159.1,140.9,198.2,70.3,259,5.6,73.6,22.3,55,97.8,1.4,1.3,17,2.1,4.3,1.4,1.8,2.9,2895.8
26/04/2020,100.8,111.4,208.2,61.5,264.6,33.2,27.3,42.5,3.3,70.8,316.8,232,421.9,12,18.1,175.1,191.5,180.4,72.1,282.8,7.2,68.6,23.8,66.7,110.8,1.3,2.1,22.6,2.5,5.9,1.7,2.3,3.5,3219.6
27/04/2020,100,115,211.8,62.6,268.3,34.1,27.4,43.5,3.4,70.7,318.5,235.2,429.8,12,18,173.8,190.6,183.5,72.6,291.4,7.4,67.8,23.9,73.6,111.2,1.5,2.1,23.6,2.6,5.9,1.8,2.1,3.5,3264.5
28/04/2020,105.3,114.6,214.7,63.6,266.3,34.1,27.7,43.9,3.5,71.1,318.6,238.4,431.3,13.4,18.3,167.6,194.8,186.2,71.5,290.2,7.4,67.5,24.1,74.9,114.1,1.4,2.1,23.2,2.5,6,1.9,2.1,3.5,3281.9
29/04/2020,104.4,116.7,215.5,63.4,266.6,34.6,27.9,44.4,3.4,71.6,326.4,240.6,433.4,13,18.4,168.6,197.2,186.2,71.6,279.1,7.2,68.2,24.3,74.8,112.6,1.8,2.1,23.3,2.5,6,2.2,2.3,4,3289.7
30/04/2020,106.3,116.3,218.7,64,265.9,34.5,27.3,44.5,3.4,72.3,334.4,244,429.8,13,18.3,169.6,190.4,186.4,71.9,273.6,7.2,68.7,24.2,74.1,114.2,1.9,2,23.7,2.4,6,1.7,2.1,3.6,3291.9
01/05/2020,102.7,114.6,220.6,60.4,260,34.7,28.2,43,3.3,71.2,331.3,245,431,13,18.3,169.3,177.5,188,72,267.5,6.9,67.6,24.6,73.8,113.9,1.9,2.1,23.3,2.5,6.2,1.8,2.1,3.6,3256.2
02/05/2020,98.9,105.6,215,58,255.2,31.5,25.7,43.7,2.9,70.8,321.7,246,417.1,11.8,18,167.3,174,176.5,65.8,244.6,6.3,67.8,24.1,72.1,102.9,1.2,2.2,21.7,2.6,6.1,1.8,2.1,3.3,3138.3
03/05/2020,135.7,128.2,220.8,75.7,361.1,28,20.6,43,3.4,75.7,299.7,204.5,404.9,9.1,7.3,177.6,144.2,192.5,63.7,277.3,6.8,101.6,26.3,81.3,149,0.9,1.9,21.5,2.4,4.8,1.5,2.2,4.6,3349.3
04/05/2020,142.3,135.5,225.6,78.7,367.1,30.6,22.4,43.3,3.8,76.3,303.5,205.3,418.3,10.3,7.4,174.1,149.5,169.2,63.3,270.5,7,105.9,26.9,83.4,157.7,1.3,1.9,27.6,2.6,5,1.5,2.1,5.5,3397.1
05/05/2020,143.6,134,231.8,81.3,370.6,31.7,23.6,44.2,3.9,76.2,307,208.3,420.9,10.5,7.9,164.7,151.3,174,65.6,274.7,6.9,102.2,26.5,74.2,148.2,1.2,1.9,30.9,2.6,5.2,1.7,2.1,4.1,3405.4
06/05/2020,145.4,139.8,230,82.3,383.2,32.9,23.8,45.3,4,74.8,308.6,203.8,426.2,10.6,8.1,175.5,159.8,188,70.1,296.7,7.7,93.3,19.3,57.4,75.1,1.2,2,28.4,2.4,5,1.6,2.2,3.7,3374.8
07/05/2020,160.4,142.4,233.5,84.8,382.7,33.7,24.3,43.4,4.2,78,316.6,207.2,434.5,10.6,8.2,186.9,166.9,196.5,71.2,302.2,7.8,81.6,17.4,70,51.5,1.1,2.1,20.2,2.8,4.4,1.5,2.3,3.7,3422.9
08/05/2020,168.2,154.5,237.2,91.7,402.6,35.2,24.8,44.9,4.5,79.2,317.1,209.3,442.1,10.3,8.6,192.3,173.3,201.3,72.4,306.5,8.2,92.5,23.5,77.2,78.3,1.3,2,21.7,2.4,4.7,1.7,2.3,4.1,3569.1
09/05/2020,171,158,244.1,95.2,417.5,36.1,24.1,41.2,4.6,79.4,315.2,216.6,443.5,10.7,8.1,195.9,168.1,201.2,74,311.9,8.1,98.6,27.3,84.5,102.9,1.3,1.5,23.6,2.5,5.1,1.4,2.1,4.7,3655.6
10/05/2020,130.8,138.4,247.1,62.6,289.7,35.7,27,49.1,3.5,85.3,352.8,270.2,484.7,10.2,18.3,193.5,247.4,240,77.3,311.3,6.9,75.3,24,71.6,121,1.8,2.5,22.6,2.7,6.7,1.8,2.3,3.4,3699.2
11/05/2020,129.7,142.3,250.9,64,292.4,36.7,26.9,48.8,3.5,86.9,353,272,493.9,10.3,18.7,197.3,252.5,244.1,77.4,317.5,7.3,74.8,23.9,71.1,125.4,1.8,2.2,22.5,2.6,6.2,1.6,2.3,3.5,3745.3
12/05/2020,120.4,138.8,250.6,65.1,291.2,35.7,28,51.6,3.7,86.5,356.3,272.3,497.9,10.7,18.7,198.1,254.3,247.8,76.5,321.5,7.5,76.1,23.6,73.3,124.2,1.9,2.2,22.4,2.7,6.3,1.6,2.2,3.5,3756.7
13/05/2020,110.3,127.1,246.9,63.6,279.7,36.5,26.9,47,3.6,88.6,363.5,271.7,499.8,10.9,18.5,197.4,250.3,246.6,75.3,319.1,7.5,76.5,23.7,74.6,124.8,1.8,2.3,23.1,2.8,6.3,1.6,2.1,3.2,3718.1
14/05/2020,105.7,107.8,248.9,64.3,234.2,32.8,26.2,50.2,3.4,88.7,334.7,264.2,491.7,10.6,18.4,194.6,254.3,243.4,74.7,314.8,7.7,76.2,24.5,71.5,130,1.8,2.1,22.9,2.8,6.1,1.6,2.1,3.4,3599.1
15/05/2020,118,115.6,247.3,60.7,247.1,34.6,26.8,49.5,3.3,88.1,349.9,255.9,489.1,10.6,18.5,194.6,252.2,236.8,76.9,316.4,7.4,64,24.3,71.6,124.9,1.7,2,22.8,2.6,6,1.7,2.1,3.4,3609.3
16/05/2020,114.3,112.1,236.3,59.4,250.7,32.7,25.8,47.6,3.1,86,341.7,252,477.6,9.4,18.4,191.3,249.5,230,71.1,291,7.2,70.2,23.6,70.6,113.2,1.4,2.1,20,2.6,5.9,1.6,2.2,3.2,3506.4
17/05/2020,103,114.3,217.9,67.6,243.5,37.1,29.7,48.8,4.2,72.7,307.5,221.8,434.9,12.5,18.5,155.9,204.5,195.5,68.7,255.2,6.8,64.1,22.4,68.4,109.9,1.7,2.1,20.9,2.5,6,1.8,2.1,3.4,3200.5
18/05/2020,105,119.2,222.5,70.2,253.5,38.5,30,48.9,4.2,75.8,309.1,223.8,445.4,12.7,18.6,158.2,208.6,198.9,67.1,266.2,7,65.4,24.2,68.9,112.9,1.8,2.1,21.2,2.6,5.9,1.8,2.1,3.5,3273
19/05/2020,109.4,120.7,223.2,70.2,263.3,39.3,31.5,50.2,4.4,76.2,316.4,224.1,444.6,12.4,18.8,160.2,211.7,196.4,69.8,270.6,7.1,71,23.9,69.3,111.2,1.8,2.1,22,2.6,6,1.8,2.2,3.5,3314.9
20/05/2020,107.5,122.4,227.8,73.2,266.5,39.4,31.1,48.1,4.5,76.8,329.4,230.9,444.1,11.5,18.8,166.5,215.6,202.9,71.2,274.3,7.1,67.3,24,66.7,112.4,1.9,2,20.9,2.5,6,1.6,2,3.6,3356.3
21/05/2020,114,125.4,234.8,74.8,271.7,38.8,30.4,50.9,4.4,77.9,332.8,236.3,443.7,11.5,18.6,167.6,214.2,204.9,71.7,281.8,7.1,71.7,24.6,67,109.4,1.9,2.1,22.1,2.8,6.1,1.9,2.2,3.4,3404.2
22/05/2020,114.7,124.1,233.4,70.7,267.8,38.5,30.3,48,4.3,77,329.7,239.5,443.6,12.7,18.7,167.4,216.1,202.6,70,268.8,6.9,71.5,25.2,65.8,112.6,1.9,2.2,22.1,2.6,6.2,1.9,2.2,3.5,3380.7
23/05/2020,111.3,115.8,227.9,70,266.1,36,28.2,50.6,3.9,79.7,316,240.9,431,11.9,18.5,164.8,216.4,192.6,64.7,254.8,6.3,73.4,25.3,66.4,104.1,1.7,2.1,20.3,2.5,5.9,1.9,2.1,3.5,3294.5